episode,reward
1,4488.800000000001
2,4472.200000000001
3,5678.200000000002
4,5468.200000000002
5,560.1999999999999
6,4720.599999999999
7,1955.6
8,220.2
9,3911.600000000001
10,3442.7999999999997
11,-170.20000000000016
12,4022.4000000000005
13,5329.6
14,4630.199999999999
15,6051.0
16,2701.2
17,4921.0
18,4042.2000000000003
19,3267.7999999999984
20,3841.5999999999995
21,2448.999999999999
22,255.7999999999999
23,5009.6
24,3931.2000000000007
25,848.0000000000002
26,2870.0000000000005
27,1637.8000000000002
28,8037.2
29,4654.2
30,5444.999999999999
31,5462.6
32,4522.6
33,3343.6
34,3445.0000000000005
35,1218.6000000000006
36,5102.199999999999
37,6914.199999999999
38,5217.200000000002
39,5264.2
40,7201.4000000000015
41,7440.199999999997
42,5181.400000000001
43,5989.200000000001
44,2838.5999999999995
45,5835.600000000003
46,4511.999999999998
47,4689.4
48,-905.2000000000002
49,3805.2000000000007
50,5189.400000000001
51,3780.0
52,1862.8
53,2294.4
54,2917.4
55,4488.000000000001
56,5903.5999999999985
57,6444.199999999997
58,2741.800000000001
59,4286.000000000001
60,4141.200000000001
61,5740.199999999999
62,7317.199999999998
63,3113.9999999999995
64,3723.7999999999993
65,3243.000000000001
66,4558.600000000001
67,3548.9999999999995
68,3871.999999999999
69,4539.600000000001
70,3978.7999999999997
71,5939.4
72,4906.800000000001
73,2837.000000000001
74,3904.2000000000003
75,2764.3999999999996
76,2698.4000000000005
77,4785.199999999998
78,5131.000000000002
79,4003.0
80,5129.399999999999
81,5806.0
82,3378.2
83,3628.1999999999985
84,4215.000000000001
85,3159.9999999999995
86,5287.999999999998
87,6739.2
88,5948.999999999999
89,6164.8
90,4954.999999999999
91,7848.400000000001
92,3419.4000000000005
93,3792.2
94,5863.400000000001
95,5797.799999999999
96,5637.399999999998
97,3215.399999999999
98,4209.6
99,4139.4
100,7013.200000000002
101,2648.0
102,2277.799999999999
103,3820.000000000001
104,2504.5999999999995
105,4786.000000000001
106,6583.5999999999985
107,5076.800000000001
108,3593.3999999999996
109,3409.4000000000005
110,6554.199999999998
111,6024.8
112,7224.999999999999
113,6526.5999999999985
114,5918.4000000000015
115,5192.200000000001
116,4605.199999999999
117,4087.5999999999995
118,5434.599999999999
119,5419.800000000001
120,5138.800000000002
121,2875.600000000001
122,2190.7999999999997
123,3571.0
124,5505.600000000002
125,5112.2
126,3749.8000000000006
127,8184.800000000002
128,4290.6
129,4299.400000000001
130,1623.6000000000001
131,5337.800000000001
132,3748.999999999999
133,3937.9999999999995
134,6795.600000000002
135,3248.4
136,5473.800000000003
137,4614.200000000003
138,2731.6000000000004
139,6223.200000000001
140,6036.799999999998
141,2804.6
142,4806.000000000002
143,3447.0
144,5222.200000000001
145,3478.2000000000003
146,4712.6
147,5979.0
148,5380.800000000001
149,4844.8
150,4811.6
151,2973.9999999999995
152,6465.4
153,5691.400000000001
154,1504.6
155,4738.000000000002
156,4621.0
157,5272.000000000003
158,6396.8
159,5955.600000000001
160,5573.000000000001
161,4713.999999999998
162,6020.200000000001
163,6360.799999999999
164,4313.0
165,5506.0
166,4082.8
167,4008.8
168,6460.200000000001
169,4892.199999999998
170,4244.5999999999985
171,4654.799999999999
172,2800.3999999999996
173,3898.3999999999996
174,3385.1999999999994
175,2718.1999999999994
176,3508.599999999999
177,3580.5999999999985
178,4170.6
179,5349.399999999999
180,4035.7999999999997
181,2146.4
182,4292.6
183,5100.799999999999
184,4920.799999999999
185,5434.8
186,3468.8
187,6514.8
188,4423.6
189,4711.2
190,6141.799999999999
191,8191.199999999999
192,4487.400000000001
193,5317.400000000001
194,5618.599999999999
195,4540.0
196,6879.600000000002
197,4040.9999999999995
198,4365.6
199,5766.8
200,4717.0
201,7115.200000000001
202,7717.800000000001
203,6370.000000000001
204,5021.5999999999985
205,7912.999999999996
206,7250.8
207,6581.0
208,7489.0
209,2991.0000000000005
210,6351.799999999999
211,7093.799999999998
212,6760.0
213,7047.199999999999
214,4089.7999999999997
215,4140.4
216,4610.6
217,5323.200000000001
218,5772.4
219,5128.4000000000015
220,4109.200000000001
221,7064.000000000001
222,5329.399999999999
223,6873.599999999999
224,3658.6000000000004
225,5460.400000000002
226,5253.200000000002
227,5975.600000000001
228,4743.2
229,3130.2
230,5282.0
231,6189.000000000001
232,6754.999999999999
233,6409.200000000001
234,6813.999999999997
235,5342.599999999999
236,5466.6
237,6809.599999999999
238,4572.399999999999
239,4775.4
240,6037.800000000002
241,4525.0
242,8156.199999999999
243,6490.4000000000015
244,6690.799999999999
245,7501.599999999999
246,5076.4
247,6924.000000000002
248,6881.600000000001
249,7132.6
250,4768.800000000001
251,7564.399999999998
252,7043.200000000001
253,8161.800000000001
254,6809.4
255,5629.999999999998
256,6351.199999999998
257,5280.999999999999
258,6988.200000000001
259,6236.799999999999
260,4248.6
261,5921.399999999999
262,5737.799999999997
263,4249.800000000001
264,6149.999999999999
265,5866.000000000001
266,6621.6
267,6127.599999999999
268,6583.799999999997
269,6275.400000000001
270,6140.399999999998
271,4291.000000000001
272,6869.0
273,7703.0
274,7278.399999999998
275,3961.000000000001
276,5365.000000000001
277,7483.999999999999
278,7011.799999999997
279,6797.000000000001
280,3213.4
281,7514.200000000002
282,5369.599999999999
283,6800.600000000004
284,6411.000000000002
285,6952.400000000001
286,7450.799999999999
287,7697.199999999999
288,6765.800000000001
289,5327.199999999999
290,5496.799999999998
291,7301.999999999998
292,4828.000000000002
293,7278.8
294,6485.6
295,6714.4
296,5410.199999999998
297,6921.199999999999
298,4458.000000000001
299,3975.0
300,7549.600000000001
301,7214.000000000001
302,8514.600000000002
303,6113.2
304,6158.4
305,6407.199999999999
306,6495.0
307,5040.000000000001
308,5809.4
309,6758.8
310,7728.000000000001
311,5314.0
312,5449.599999999999
313,5717.800000000001
314,5836.800000000001
315,7490.000000000002
316,7175.000000000001
317,6834.799999999999
318,7186.799999999999
319,4895.000000000001
320,6090.400000000001
321,7026.600000000002
322,6065.2
323,5830.600000000001
324,4530.599999999999
325,7104.199999999999
326,7289.0
327,7222.000000000001
328,5573.4
329,7591.0
330,6352.200000000002
331,5015.8
332,6019.999999999998
333,4476.399999999999
334,6567.800000000002
335,6941.4000000000015
336,6900.400000000001
337,5218.400000000001
338,6535.000000000001
339,5275.2
340,5731.000000000001
341,5472.999999999999
342,4974.2
343,4993.2
344,6773.200000000001
345,5664.0
346,5494.4
347,6885.400000000001
348,4033.2
349,5746.799999999998
350,6447.800000000003
351,5486.799999999999
352,5455.599999999999
353,4616.000000000002
354,4955.000000000001
355,6172.2
356,4367.6
357,5829.799999999998
358,3993.1999999999985
359,6380.800000000001
360,5158.400000000001
361,7513.6
362,6717.2
363,6855.199999999999
364,7404.4000000000015
365,5533.6
366,6576.799999999999
367,5527.399999999999
368,6055.2000000000035
369,5043.2
370,8215.000000000002
371,5383.799999999999
372,7711.399999999998
373,6489.0
374,7234.799999999998
375,4881.399999999999
376,6429.600000000002
377,7825.0
378,6965.799999999997
379,4856.599999999999
380,5600.799999999999
381,7063.000000000002
382,5767.599999999998
383,7538.599999999998
384,6859.4
385,4484.800000000001
386,6366.799999999998
387,6311.6
388,3844.599999999998
389,8850.199999999999
390,4998.0
391,8197.0
392,6338.600000000002
393,5320.199999999999
394,5660.999999999998
395,6666.399999999999
396,7030.4000000000015
397,8102.999999999998
398,7112.8
399,6195.800000000001
400,6413.000000000003
401,6367.0
402,5636.4000000000015
403,6199.199999999999
404,6713.999999999997
405,6282.199999999998
406,6283.5999999999985
407,4677.800000000002
408,5550.200000000001
409,8251.2
410,7385.2
411,8287.8
412,6322.999999999998
413,7681.599999999995
414,6334.200000000001
415,6884.000000000001
416,6406.200000000003
417,6991.999999999998
418,6565.599999999999
419,6729.200000000001
420,6578.999999999999
421,7276.000000000002
422,7453.400000000001
423,6840.5999999999985
424,7093.0
425,7046.799999999999
426,7154.2
427,6631.2000000000035
428,6606.600000000002
429,7064.399999999999
430,7105.599999999999
431,5270.400000000001
432,4435.0
433,7297.000000000001
434,7167.8
435,7543.4000000000015
436,5621.8
437,5025.4
438,6158.799999999999
439,6605.4000000000015
440,7245.4
441,7227.4000000000015
442,8390.800000000001
443,6582.400000000001
444,8016.4
445,7291.200000000001
446,6486.799999999998
447,6400.999999999999
448,7668.200000000001
449,6805.799999999999
450,6301.599999999999
451,6099.999999999997
452,6288.799999999999
453,7124.4000000000015
454,6472.000000000003
455,6937.400000000002
456,6034.6
457,7461.4000000000015
458,8064.8
459,7830.799999999999
460,6961.600000000001
461,7870.799999999999
462,6628.400000000001
463,8195.8
464,7274.600000000002
465,6521.8
466,7959.400000000001
467,7849.2
468,7039.4
469,7136.200000000002
470,6421.000000000001
471,7755.400000000002
472,6966.0
473,6088.800000000001
474,6412.8
475,6062.599999999998
476,7556.199999999999
477,7994.399999999999
478,7595.600000000001
479,6173.000000000001
480,8277.199999999999
481,5113.199999999999
482,6656.2
483,7071.799999999999
484,8152.400000000001
485,6961.2
486,7015.800000000003
487,6913.4
488,7351.2
489,7757.999999999999
490,6363.199999999998
491,6414.200000000002
492,4851.0
493,7707.000000000001
494,8665.399999999998
495,7614.800000000003
496,6210.600000000002
497,7835.400000000001
498,4568.599999999999
499,7550.4000000000015
500,6952.000000000001
501,8844.600000000002
502,6504.000000000002
503,7733.600000000001
504,5054.200000000001
505,6560.400000000002
506,5262.800000000001
507,7078.000000000002
508,7342.799999999999
509,7579.999999999997
510,6912.800000000001
511,6323.8
512,8158.5999999999985
513,7315.000000000001
514,6061.400000000001
515,6690.8
516,6455.599999999999
517,7970.799999999999
518,7940.599999999998
519,8029.800000000002
520,7862.8
521,5514.0
522,7247.200000000002
523,5871.800000000002
524,6583.4
525,7143.600000000001
526,7911.2
527,6086.999999999998
528,5734.400000000002
529,7571.999999999998
530,5522.800000000001
531,8598.2
532,7089.6
533,7374.800000000001
534,7725.600000000001
535,7920.4000000000015
536,7341.600000000002
537,6348.399999999998
538,7912.999999999999
539,7418.800000000001
540,7774.799999999999
541,8924.800000000001
542,7964.600000000002
543,7834.0
544,7792.000000000001
545,7427.400000000001
546,7275.4000000000015
547,6884.2
548,6610.6
549,7952.800000000002
550,6196.799999999999
551,6829.800000000002
552,6948.200000000003
553,6405.600000000001
554,7100.6
555,6949.199999999998
556,7905.8
557,7418.5999999999985
558,4916.5999999999985
559,6762.400000000001
560,7051.200000000003
561,7573.599999999999
562,8773.599999999997
563,6808.000000000002
564,7344.000000000001
565,7340.400000000001
566,7033.000000000001
567,5794.599999999999
568,7453.000000000002
569,6107.799999999997
570,8674.600000000002
571,6600.000000000001
572,6987.8
573,8353.200000000003
574,8736.599999999999
575,7266.999999999999
576,5838.999999999999
577,7276.8
578,7477.600000000002
579,7747.199999999998
580,7000.6
581,6910.800000000001
582,6601.000000000002
583,6254.8
584,7455.000000000003
585,7538.4000000000015
586,6354.000000000001
587,6171.799999999998
588,7412.4
589,6743.200000000002
590,8253.800000000001
591,7068.799999999999
592,7760.7999999999965
593,6434.399999999999
594,7617.799999999998
595,8198.0
596,5669.000000000001
597,7295.0
598,7491.200000000001
599,8370.2
600,6680.399999999997
601,7360.0
602,6991.999999999999
603,7876.6
604,6326.0
605,6500.200000000002
606,6794.6
607,5635.799999999998
608,4120.999999999999
609,6896.800000000002
610,6648.8
611,7673.399999999999
612,6224.599999999999
613,8006.600000000001
614,9814.000000000004
615,6825.600000000002
616,6766.2
617,6176.4
618,7520.400000000001
619,8078.4000000000015
620,5314.6
621,6115.8
622,7194.199999999999
623,6830.7999999999965
624,7751.799999999998
625,6686.200000000003
626,6974.5999999999985
627,7439.200000000001
628,6008.4000000000015
629,7249.199999999998
630,6310.199999999997
631,6408.200000000001
632,7893.799999999999
633,6804.200000000001
634,7467.400000000001
635,6581.4
636,5660.999999999999
637,5264.800000000001
638,7391.5999999999985
639,6961.599999999999
640,7487.199999999999
641,7902.400000000002
642,7771.599999999999
643,7572.199999999998
644,7628.000000000001
645,6473.399999999999
646,7959.600000000001
647,7872.199999999998
648,8960.599999999999
649,7267.399999999999
650,7400.5999999999985
651,6480.999999999999
652,7840.199999999999
653,7976.600000000001
654,7104.000000000001
655,6717.2
656,8730.2
657,7219.600000000001
658,6546.8
659,5740.999999999999
660,8191.399999999997
661,8192.400000000001
662,6795.800000000002
663,7624.200000000001
664,8609.0
665,7828.600000000004
666,7452.200000000002
667,6421.999999999998
668,6250.599999999999
669,7242.4
670,8300.6
671,7285.000000000002
672,7734.4
673,7219.599999999999
674,8174.600000000001
675,7248.6
676,6670.0
677,6320.399999999998
678,7226.999999999999
679,6647.5999999999985
680,5711.400000000001
681,6932.000000000003
682,4600.2
683,6152.400000000001
684,8352.2
685,6501.000000000001
686,6723.4
687,7275.399999999999
688,7506.5999999999985
689,7666.799999999999
690,6789.800000000001
691,8276.400000000001
692,6529.600000000003
693,7685.6
694,6291.6
695,6686.199999999999
696,5378.200000000003
697,6937.399999999997
698,6816.200000000001
699,7606.999999999998
700,7252.999999999998
701,8566.800000000003
702,8321.8
703,7505.800000000001
704,7538.800000000002
705,7366.999999999999
706,8207.6
707,7490.2
708,5520.399999999999
709,7463.199999999997
710,6133.399999999999
711,5850.800000000001
712,8550.199999999999
713,7123.999999999999
714,6119.000000000002
715,6544.399999999999
716,7003.599999999999
717,6531.999999999999
718,7488.599999999999
719,7575.4
720,7405.400000000001
721,5994.399999999998
722,4819.800000000002
723,7425.0
724,7700.399999999999
725,6050.999999999999
726,6492.200000000001
727,7611.200000000002
728,7671.999999999999
729,6803.200000000001
730,7828.800000000002
731,7669.400000000002
732,6813.000000000001
733,6092.399999999998
734,6919.4
735,6020.600000000001
736,7474.4000000000015
737,5554.399999999999
738,6689.799999999998
739,7304.799999999997
740,6780.200000000002
741,6101.4
742,7227.6
743,8288.799999999997
744,6112.199999999999
745,6773.199999999998
746,7160.4
747,6602.999999999999
748,6373.800000000001
749,7951.600000000002
750,7962.400000000001
751,7260.199999999999
752,7401.999999999999
753,6405.799999999999
754,6146.2
755,8207.999999999998
756,6940.800000000001
757,6803.400000000001
758,5790.200000000001
759,5294.600000000001
760,6040.599999999999
761,7075.0
762,7456.599999999999
763,7093.200000000003
764,6956.399999999999
765,7499.8
766,6527.0
767,7222.999999999999
768,6870.4000000000015
769,5405.800000000001
770,7748.800000000002
771,5817.6
772,8609.6
773,6779.999999999999
774,6258.400000000001
775,6743.2
776,9024.8
777,7795.200000000001
778,6552.799999999998
779,6585.000000000001
780,6339.2
781,6886.2
782,6327.199999999999
783,7257.2000000000035
784,6864.799999999999
785,6786.399999999997
786,7590.8
787,7024.399999999999
788,6035.200000000002
789,6525.200000000001
790,6892.400000000001
791,7588.400000000001
792,6105.600000000001
793,7442.199999999999
794,4472.599999999999
795,5473.200000000001
796,5653.799999999999
797,7601.800000000002
798,6739.399999999999
799,7246.000000000002
800,6268.4000000000015
801,5164.599999999999
802,2213.9999999999986
803,7471.2
804,5550.7999999999965
805,4437.8
806,5917.000000000002
807,7571.000000000001
808,6336.999999999998
809,7187.5999999999985
810,8273.6
811,7944.399999999999
812,6717.2
813,5383.800000000001
814,7685.799999999998
815,8156.4000000000015
816,6858.4
817,6140.999999999998
818,6131.2
819,5695.4
820,6647.2
821,6957.199999999999
822,5236.599999999999
823,6760.4
824,8000.799999999999
825,6312.4000000000015
826,8584.8
827,5742.4
828,6810.000000000001
829,4714.6
830,7797.0
831,7208.999999999999
832,6742.0
833,4718.400000000002
834,5042.199999999999
835,7467.799999999999
836,7595.400000000001
837,7548.999999999998
838,7834.000000000002
839,6938.999999999999
840,7391.799999999997
841,6311.200000000001
842,6837.399999999999
843,6741.2
844,5685.999999999999
845,5431.199999999999
846,6792.200000000002
847,6207.600000000001
848,7678.999999999997
849,6446.199999999998
850,7122.6
851,6436.400000000003
852,6611.999999999996
853,6706.2
854,7151.599999999999
855,6417.000000000001
856,7364.999999999999
857,8398.000000000002
858,6825.399999999999
859,7248.599999999999
860,5838.200000000002
861,6609.4000000000015
862,7834.5999999999985
863,7499.5999999999985
864,7893.799999999998
865,7482.2
866,6107.200000000001
867,6451.599999999999
868,7114.399999999999
869,7556.800000000004
870,7278.199999999999
871,6419.399999999999
872,6880.000000000002
873,6657.0
874,6064.800000000001
875,8578.8
876,6692.599999999997
877,6034.199999999998
878,5830.800000000002
879,6973.999999999998
880,7159.000000000004
881,7213.5999999999985
882,7672.000000000002
883,4780.4
884,6278.0
885,5827.6
886,7382.799999999999
887,6107.4000000000015
888,6281.999999999998
889,7696.800000000001
890,7916.400000000002
891,7028.199999999999
892,7604.000000000002
893,7041.800000000005
894,8146.4
895,8213.199999999999
896,7500.5999999999985
897,6868.400000000001
898,5654.200000000001
899,8349.000000000002
900,8526.199999999997
901,7310.999999999998
902,4755.799999999998
903,5612.0
904,6622.6
905,7311.199999999999
906,7642.000000000002
907,5846.399999999999
908,6121.8
909,6867.399999999998
910,4630.4000000000015
911,3987.200000000001
912,7021.800000000001
913,6947.399999999999
914,7183.4
915,7701.399999999999
916,7460.399999999998
917,6932.0
918,7934.599999999997
919,7316.8
920,7434.6
921,7328.8
922,4724.999999999998
923,6296.600000000003
924,8320.0
925,7484.600000000001
926,7279.6
927,7203.599999999999
928,7642.4
929,8360.800000000001
930,7551.6
931,6844.600000000002
932,6729.0
933,7313.799999999997
934,7020.6
935,5655.4000000000015
936,7615.600000000002
937,4838.799999999999
938,7194.999999999999
939,6663.4000000000015
940,6993.800000000003
941,7534.400000000003
942,6241.4
943,6971.800000000001
944,7054.2
945,7641.000000000001
946,6631.399999999998
947,7293.4
948,8005.800000000001
949,8795.4
950,8417.4
951,5075.8
952,6140.000000000001
953,7510.8
954,7266.4
955,5677.999999999998
956,7308.400000000001
957,7614.999999999998
958,7877.599999999998
959,7593.599999999999
960,6997.2
961,7870.800000000004
962,7236.4000000000015
963,6955.200000000001
964,7006.200000000003
965,7819.399999999999
966,6388.8
967,7211.800000000002
968,8286.400000000001
969,7500.800000000001
970,8174.399999999996
971,8435.2
972,7211.0
973,6471.0
974,6927.200000000002
975,7706.600000000001
976,6464.4
977,7753.599999999998
978,7224.400000000003
979,7622.2
980,7689.800000000002
981,7030.999999999999
982,6941.4000000000015
983,7048.0
984,7975.200000000002
985,7026.000000000001
986,8393.800000000003
987,7790.799999999999
988,7086.800000000003
989,7775.4
990,7024.8
991,8611.799999999997
992,7465.799999999999
993,7344.8
994,7032.999999999999
995,7244.600000000001
996,7147.4000000000015
997,8181.4
998,7598.200000000001
999,7768.200000000002
1000,8098.999999999999
1001,6735.5999999999985
1002,7545.600000000002
1003,6666.999999999999
1004,8070.200000000001
1005,7612.6
1006,7130.199999999998
1007,7875.8
1008,6712.800000000003
1009,7228.2
1010,7655.8
1011,7550.599999999999
1012,6639.6
1013,8382.000000000002
1014,9617.199999999997
1015,5654.800000000001
1016,8789.000000000002
1017,8036.5999999999985
1018,6475.0
1019,8476.400000000001
1020,6631.600000000001
1021,5856.6
1022,6503.4000000000015
1023,6837.200000000001
1024,7960.800000000005
1025,8074.799999999999
1026,6947.0
1027,7948.600000000002
1028,6074.8
1029,8530.800000000001
1030,8433.0
1031,7740.6
1032,6197.4000000000015
1033,6182.999999999998
1034,8806.800000000001
1035,7962.800000000003
1036,7485.199999999999
1037,7570.800000000001
1038,7028.800000000001
1039,7182.399999999997
1040,6320.600000000001
1041,5676.999999999999
1042,8442.600000000002
1043,6975.000000000001
1044,6715.199999999998
1045,7595.399999999999
1046,7466.799999999999
1047,6236.6
1048,7960.200000000001
1049,6234.000000000001
1050,8109.399999999999
1051,7413.800000000001
1052,6861.999999999999
1053,6591.200000000001
1054,7724.199999999997
1055,7074.400000000001
1056,7207.399999999999
1057,7399.199999999999
1058,7724.400000000001
1059,7915.400000000002
1060,5860.199999999999
1061,5005.000000000001
1062,6685.999999999999
1063,8230.4
1064,6558.999999999998
1065,6148.000000000001
1066,7192.600000000001
1067,7334.200000000001
1068,7392.6
1069,7826.799999999999
1070,8141.0
1071,8408.2
1072,7254.0
1073,6689.200000000001
1074,7074.400000000003
1075,8095.400000000001
1076,7896.2
1077,7519.7999999999965
1078,8303.000000000002
1079,8045.999999999998
1080,6780.200000000003
1081,7857.999999999996
1082,8390.000000000002
1083,8507.000000000002
1084,8054.799999999998
1085,7105.8
1086,7773.599999999997
1087,7762.2
1088,8232.000000000002
1089,7514.200000000002
1090,6648.199999999998
1091,7800.400000000001
1092,7673.799999999998
1093,7124.400000000002
1094,8081.999999999998
1095,8396.199999999999
1096,5339.799999999997
1097,6422.799999999997
1098,5983.999999999997
1099,7490.2
1100,6996.799999999999
1101,8229.399999999998
1102,7564.599999999999
1103,6954.600000000001
1104,8787.200000000003
1105,7675.199999999999
1106,7939.7999999999965
1107,6891.400000000001
1108,5226.2
1109,5631.000000000001
1110,6607.199999999999
1111,4948.0
1112,8069.000000000001
1113,6266.8
1114,6950.400000000003
1115,7434.799999999998
1116,7542.799999999997
1117,9134.000000000002
1118,6386.199999999999
1119,8107.8
1120,8209.8
1121,8574.800000000001
1122,8261.400000000001
1123,8301.2
1124,7431.2
1125,7628.000000000002
1126,6723.599999999999
1127,6675.399999999999
1128,7775.000000000001
1129,7289.200000000001
1130,9432.199999999999
1131,7999.7999999999965
1132,8134.999999999999
1133,7977.200000000001
1134,8448.400000000001
1135,7962.600000000004
1136,6945.600000000002
1137,7944.399999999998
1138,7723.600000000002
1139,8178.4000000000015
1140,8427.200000000003
1141,7805.199999999997
1142,7109.599999999999
1143,7426.599999999998
1144,8774.999999999998
1145,7674.4000000000015
1146,7368.399999999998
1147,7546.2
1148,7805.000000000001
1149,6377.5999999999985
1150,6071.400000000002
1151,7485.199999999996
1152,7712.5999999999985
1153,6372.2
1154,7410.999999999998
1155,7220.200000000001
1156,6497.8
1157,6938.800000000001
1158,6898.800000000001
1159,7041.799999999999
1160,7499.400000000003
1161,7549.000000000001
1162,7819.600000000002
1163,7929.599999999999
1164,7429.0
1165,6680.999999999997
1166,7886.2
1167,6369.6
1168,4978.399999999999
1169,5176.599999999999
1170,5740.2
1171,6791.600000000002
1172,7960.400000000003
1173,6134.5999999999985
1174,8184.199999999999
1175,8650.199999999999
1176,7215.4
1177,7883.0
1178,6418.199999999999
1179,7451.000000000004
1180,5247.999999999998
1181,8138.599999999999
1182,8326.599999999999
1183,8846.599999999999
1184,7683.800000000003
1185,6966.600000000001
1186,7805.4
1187,5803.800000000002
1188,6612.6
1189,6380.800000000001
1190,4928.200000000002
1191,4762.999999999999
1192,7353.200000000002
1193,7451.800000000002
1194,7830.4000000000015
1195,7919.5999999999985
1196,7581.6
1197,6539.6
1198,7705.800000000001
1199,7734.399999999998
1200,7697.200000000002
1201,6845.800000000003
1202,4928.000000000001
1203,5807.800000000001
1204,4991.199999999998
1205,6941.199999999999
1206,6200.000000000002
1207,6641.999999999999
1208,6027.399999999999
1209,7610.600000000001
1210,6736.200000000001
1211,7747.2
1212,7122.999999999999
1213,6312.400000000001
1214,7453.599999999998
1215,6985.400000000001
1216,7237.399999999999
1217,6546.8
1218,7895.799999999999
1219,8456.800000000001
1220,7269.199999999998
1221,5698.799999999999
1222,8192.2
1223,6766.400000000001
1224,8767.800000000001
1225,7647.399999999999
1226,6497.000000000001
1227,7027.800000000002
1228,6987.199999999999
1229,9762.400000000003
1230,7546.0
1231,6764.400000000001
1232,8241.2
1233,6640.400000000001
1234,7480.800000000002
1235,7870.599999999995
1236,6763.199999999999
1237,8090.0
1238,10176.799999999996
1239,7148.6
1240,7360.400000000001
1241,7355.199999999997
1242,7117.599999999997
1243,7192.999999999998
1244,8888.0
1245,8065.000000000001
1246,8301.799999999997
1247,8011.0
1248,8548.800000000001
1249,7065.599999999999
1250,8244.399999999998
1251,8187.400000000001
1252,8707.2
1253,7593.5999999999985
1254,7366.600000000002
1255,7582.8
1256,6825.000000000001
1257,8422.200000000003
1258,7167.000000000002
1259,6886.399999999997
1260,6945.399999999998
1261,7402.200000000002
1262,8773.6
1263,8346.599999999999
1264,7517.999999999998
1265,7547.399999999998
1266,8413.199999999997
1267,8431.199999999999
1268,6678.0
1269,7182.4
1270,7113.599999999998
1271,8741.2
1272,8259.8
1273,5246.799999999999
1274,7755.000000000001
1275,7782.6
1276,6853.800000000001
1277,6600.0
1278,8018.599999999999
1279,7675.999999999998
1280,6451.200000000001
1281,7221.800000000003
1282,7853.5999999999985
1283,7909.0
1284,7200.199999999999
1285,7581.6
1286,8698.0
1287,8323.600000000002
1288,5303.0
1289,7382.999999999998
1290,8276.999999999998
1291,5326.6
1292,6468.000000000002
1293,6191.200000000004
1294,8174.599999999998
1295,5832.800000000002
1296,7617.5999999999985
1297,6451.399999999998
1298,8260.599999999999
1299,8108.000000000001
1300,8462.4
1301,7439.800000000002
1302,8071.000000000003
1303,6924.200000000002
1304,8635.0
1305,7064.5999999999985
1306,8130.8
1307,8258.2
1308,7040.600000000001
1309,7098.6
1310,7267.199999999997
1311,7354.2
1312,6697.200000000002
1313,7038.600000000001
1314,7993.399999999999
1315,7765.4000000000015
1316,6944.2000000000035
1317,8610.0
1318,6897.399999999998
1319,7600.800000000003
1320,7453.799999999998
1321,7779.799999999998
1322,8506.400000000001
1323,6860.599999999998
1324,9242.0
1325,7947.4
1326,8841.199999999997
1327,7922.799999999999
1328,8130.5999999999985
1329,8334.400000000001
1330,8197.399999999998
1331,7581.4
1332,7461.200000000002
1333,7560.799999999997
1334,8443.800000000003
1335,7447.4
1336,7224.999999999999
1337,8150.0
1338,7946.6
1339,7204.999999999997
1340,6095.8
1341,8406.2
1342,7069.999999999998
1343,7260.000000000003
1344,6005.400000000001
1345,7205.200000000001
1346,7455.200000000002
1347,6048.6
1348,7734.600000000002
1349,8101.999999999998
1350,7343.000000000002
1351,7862.4
1352,8552.199999999997
1353,8114.399999999998
1354,7227.400000000001
1355,8167.800000000001
1356,8494.999999999998
1357,7442.0
1358,7472.6
1359,7386.800000000001
1360,6382.5999999999985
1361,6388.399999999999
1362,7313.400000000002
1363,7322.000000000002
1364,6092.4000000000015
1365,6637.200000000001
1366,5618.8
1367,7258.000000000002
1368,6284.5999999999985
1369,6013.800000000002
1370,7445.2
1371,7044.4
1372,6106.400000000001
1373,6837.999999999999
1374,6776.200000000001
1375,7565.200000000001
1376,7241.4000000000015
1377,6857.0
1378,6687.400000000001
1379,9055.8
1380,7244.4000000000015
1381,7330.400000000001
1382,8187.4
1383,8045.400000000001
1384,7721.999999999999
1385,7106.400000000001
1386,6279.399999999999
1387,7532.199999999999
1388,7557.399999999999
1389,7366.200000000001
1390,7666.4
1391,7557.800000000001
1392,7844.999999999999
1393,5956.000000000001
1394,8452.799999999996
1395,6991.6
1396,7585.400000000002
1397,6780.4
1398,8282.8
1399,8460.199999999999
1400,6878.4000000000015
1401,6936.6
1402,7607.599999999999
1403,7131.799999999999
1404,7690.4
1405,5422.599999999999
1406,6181.6
1407,7576.000000000002
1408,6576.000000000002
1409,7843.2
1410,7682.600000000003
1411,6185.999999999999
1412,9560.199999999999
1413,7415.599999999998
1414,7172.200000000001
1415,6825.4
1416,6233.6
1417,8240.400000000003
1418,7839.599999999999
1419,7770.8
1420,8250.400000000001
1421,8074.799999999998
1422,6550.599999999998
1423,7297.4
1424,7918.399999999999
1425,7026.999999999998
1426,7109.200000000001
1427,5361.200000000001
1428,7099.799999999998
1429,7036.5999999999985
1430,8189.599999999999
1431,7723.399999999998
1432,6211.4000000000015
1433,5069.6
1434,7166.4000000000015
1435,7125.2
1436,6366.600000000002
1437,6949.799999999998
1438,7660.4000000000015
1439,7153.199999999998
1440,7910.199999999999
1441,7573.5999999999985
1442,7668.2
1443,7118.400000000002
1444,6519.400000000001
1445,6466.4
1446,5457.4
1447,7535.200000000001
1448,7064.5999999999985
1449,6445.800000000002
1450,7484.2
1451,7990.000000000001
1452,6407.199999999999
1453,6189.399999999999
1454,7468.799999999999
1455,6755.599999999998
1456,7446.800000000001
1457,7712.0
1458,7559.4
1459,7580.6
1460,7275.8
1461,6713.200000000002
1462,7606.4
1463,7123.600000000001
1464,7013.199999999998
1465,7111.799999999997
1466,7433.999999999997
1467,5763.600000000001
1468,7399.400000000001
1469,6672.200000000002
1470,7429.600000000001
1471,6836.399999999999
1472,8258.200000000003
1473,6593.2
1474,7418.599999999999
1475,6585.999999999998
1476,7156.0
1477,6006.000000000001
1478,6901.2
1479,7571.400000000001
1480,7959.8
1481,6109.199999999998
1482,6672.400000000001
1483,7293.800000000002
1484,7098.599999999998
1485,7945.599999999998
1486,8529.0
1487,8890.6
1488,8251.6
1489,8108.999999999999
1490,5922.4
1491,7780.200000000001
1492,7044.799999999996
1493,7637.200000000001
1494,9289.2
1495,7967.4000000000015
1496,7734.600000000002
1497,8109.2
1498,7611.2
1499,7117.7999999999965
1500,8062.399999999999
1501,7609.6
1502,8126.6
1503,7142.6
1504,8667.2
1505,7886.2
1506,8423.400000000001
1507,8304.0
1508,8320.2
1509,8892.4
1510,8102.800000000003
1511,8272.8
1512,7251.0
1513,7670.799999999998
1514,8813.399999999998
1515,7784.999999999999
1516,8255.599999999999
1517,8690.600000000002
1518,7691.199999999998
1519,7482.200000000001
1520,8082.799999999998
1521,8285.800000000001
1522,7839.199999999999
1523,6502.199999999999
1524,7097.6
1525,8452.200000000004
1526,7414.000000000001
1527,7326.199999999999
1528,6863.199999999997
1529,6839.2
1530,6941.6
1531,8698.2
1532,6878.199999999996
1533,8201.199999999999
1534,8696.6
1535,8172.6
1536,7088.2
1537,7182.000000000002
1538,8125.4000000000015
1539,8192.599999999999
1540,7000.600000000002
1541,7797.599999999999
1542,7797.199999999998
1543,7271.8
1544,7822.0
1545,8862.2
1546,7228.600000000002
1547,7926.799999999999
1548,7987.8
1549,8156.800000000001
1550,8084.000000000003
1551,6164.4
1552,6994.199999999998
1553,8481.199999999999
1554,6983.4
1555,7664.2
1556,6882.200000000003
1557,9095.599999999999
1558,7877.200000000002
1559,7811.799999999999
1560,7873.999999999998
1561,8968.399999999996
1562,7498.400000000002
1563,9220.599999999999
1564,7486.6
1565,7877.799999999999
1566,7730.600000000001
1567,8639.000000000002
1568,8304.8
1569,7921.4
1570,7599.600000000002
1571,8544.800000000003
1572,8368.0
1573,7817.999999999998
1574,8179.599999999999
1575,7644.000000000002
1576,8577.400000000003
1577,8077.4
1578,7070.999999999998
1579,9104.000000000002
1580,8732.400000000001
1581,8604.4
1582,7923.999999999999
1583,9157.199999999997
1584,8074.4000000000015
1585,8671.8
1586,7873.6
1587,7906.000000000001
1588,8045.800000000001
1589,6948.4000000000015
1590,7261.800000000003
1591,7609.199999999999
1592,7362.000000000002
1593,7073.400000000001
1594,7791.800000000003
1595,8270.8
1596,7150.4
1597,8073.2
1598,8280.6
1599,8013.799999999999
1600,8435.400000000001
1601,9412.8
1602,8230.799999999997
1603,7278.999999999999
1604,8147.200000000001
1605,8475.2
1606,8030.8
1607,9118.599999999999
1608,7293.0
1609,8097.200000000001
1610,7589.4
1611,9481.800000000001
1612,8198.6
1613,6913.000000000001
1614,9279.199999999999
1615,8191.800000000005
1616,8087.400000000001
1617,8891.6
1618,8742.599999999999
1619,8465.599999999997
1620,7480.0
1621,8159.199999999999
1622,8286.400000000001
1623,9128.400000000003
1624,8239.2
1625,7696.599999999999
1626,7714.999999999998
1627,8382.199999999999
1628,7263.8
1629,7571.199999999999
1630,7382.799999999999
1631,7859.800000000002
1632,8278.8
1633,8963.800000000005
1634,8441.0
1635,8738.399999999998
1636,8238.2
1637,8460.2
1638,6774.4000000000015
1639,7255.599999999998
1640,8117.000000000002
1641,8081.400000000001
1642,8100.800000000002
1643,9200.2
1644,8230.199999999999
1645,7647.999999999999
1646,8594.4
1647,8268.0
1648,7542.200000000003
1649,7366.199999999999
1650,9452.199999999999
1651,8139.999999999998
1652,7787.999999999998
1653,8147.399999999999
1654,8708.599999999999
1655,8624.000000000004
1656,8001.600000000001
1657,8394.0
1658,7546.599999999998
1659,9793.0
1660,7947.999999999999
1661,9017.799999999997
1662,7861.400000000002
1663,8469.199999999997
1664,8543.400000000001
1665,7776.6
1666,8111.600000000001
1667,6859.0
1668,8122.6
1669,8821.000000000002
1670,7471.5999999999985
1671,7811.800000000001
1672,7329.399999999999
1673,7134.000000000002
1674,7345.399999999999
1675,8299.999999999998
1676,7628.799999999997
1677,8494.999999999998
1678,8028.799999999998
1679,7046.799999999999
1680,8235.600000000002
1681,4616.599999999999
1682,7817.999999999998
1683,7419.599999999999
1684,7816.199999999998
1685,7580.0
1686,7873.400000000003
1687,7299.200000000001
1688,8443.999999999996
1689,7716.199999999998
1690,7938.199999999999
1691,7857.800000000002
1692,7793.000000000001
1693,9151.800000000001
1694,6672.8
1695,7064.6
1696,8081.800000000001
1697,7458.199999999999
1698,7500.599999999999
1699,6837.799999999998
1700,7233.200000000002
1701,7338.999999999998
1702,7480.2
1703,7188.2
1704,6555.600000000001
1705,8393.4
1706,7363.000000000001
1707,8125.799999999999
1708,7276.200000000002
1709,8487.6
1710,8757.4
1711,7443.199999999996
1712,9488.4
1713,8553.4
1714,7976.8
1715,7697.000000000004
1716,8871.199999999999
1717,8072.2
1718,8632.0
1719,8588.599999999999
1720,9395.600000000004
1721,8306.4
1722,9666.6
1723,7983.200000000002
1724,7828.8
1725,9448.999999999996
1726,8021.599999999999
1727,7637.999999999999
1728,7593.6
1729,9027.8
1730,7804.6
1731,8265.999999999998
1732,8054.199999999999
1733,8211.2
1734,8705.400000000001
1735,8570.2
1736,8443.000000000002
1737,7147.999999999998
1738,7825.800000000001
1739,8095.400000000001
1740,6838.4000000000015
1741,8829.8
1742,8511.599999999997
1743,9049.2
1744,8063.6
1745,9097.400000000001
1746,7527.199999999999
1747,8188.999999999996
1748,7887.399999999998
1749,7488.800000000001
1750,8355.8
1751,8209.800000000001
1752,8417.200000000004
1753,8429.8
1754,7920.800000000002
1755,6864.5999999999985
1756,7180.399999999997
1757,7926.399999999999
1758,7879.400000000003
1759,6863.199999999998
1760,8604.799999999997
1761,8278.0
1762,7490.000000000002
1763,8117.799999999999
1764,7183.400000000002
1765,5941.400000000001
1766,6686.999999999999
1767,7801.400000000001
1768,8554.599999999999
1769,8283.600000000002
1770,9289.200000000003
1771,9082.2
1772,7388.400000000001
1773,7072.200000000002
1774,7487.4
1775,7987.4
1776,6806.6
1777,7263.599999999998
1778,7783.399999999999
1779,7537.000000000004
1780,6914.5999999999985
1781,6902.4000000000015
1782,7932.999999999997
1783,7106.600000000001
1784,6730.400000000001
1785,7411.8
1786,7173.400000000001
1787,6777.199999999998
1788,8744.200000000003
1789,5644.399999999998
1790,7500.600000000001
1791,7864.4
1792,6429.6
1793,5410.0
1794,6957.200000000004
1795,7069.199999999998
1796,8161.400000000005
1797,7478.999999999999
1798,8846.999999999998
1799,7651.2
1800,8443.6
1801,8061.000000000001
1802,8575.0
1803,7058.4
1804,9514.799999999996
1805,8412.4
1806,7710.5999999999985
1807,7597.000000000001
1808,8317.799999999997
1809,8215.199999999999
1810,8227.600000000002
1811,7744.800000000001
1812,8100.200000000002
1813,7790.200000000002
1814,8296.399999999998
1815,7411.799999999998
1816,7004.400000000002
1817,7336.8
1818,8109.4
1819,7307.800000000002
1820,6880.400000000001
1821,6422.599999999999
1822,7071.0
1823,7362.600000000001
1824,7114.599999999998
1825,7091.999999999998
1826,8238.599999999999
1827,8855.799999999997
1828,8112.599999999999
1829,8376.400000000001
1830,7938.999999999998
1831,7911.799999999999
1832,8146.599999999998
1833,9919.999999999996
1834,8071.2
1835,6780.799999999997
1836,7585.799999999999
1837,6610.200000000002
1838,8580.199999999999
1839,5612.2
1840,7616.4
1841,5733.799999999999
1842,6829.2
1843,3809.8
1844,7115.000000000001
1845,7537.599999999999
1846,6524.400000000001
1847,6838.000000000001
1848,5868.999999999999
1849,7240.799999999998
1850,5878.599999999999
1851,6712.799999999998
1852,6776.2
1853,7349.400000000001
1854,7920.600000000001
1855,8148.4000000000015
1856,6994.600000000003
1857,7745.600000000001
1858,7268.000000000001
1859,7337.6
1860,6818.799999999998
1861,6597.599999999999
1862,8475.199999999999
1863,8035.200000000003
1864,7909.799999999998
1865,7991.399999999997
1866,8300.800000000001
1867,6947.6
1868,8014.400000000002
1869,6032.0
1870,5243.4000000000015
1871,5220.399999999999
1872,7420.0
1873,8343.0
1874,8197.400000000003
1875,7546.599999999999
1876,8259.600000000002
1877,7826.400000000001
1878,6946.800000000003
1879,7208.5999999999985
1880,7454.599999999999
1881,8214.8
1882,6985.200000000002
1883,6993.000000000001
1884,6941.000000000004
1885,8050.200000000003
1886,7636.8
1887,8259.399999999998
1888,6097.600000000001
1889,6851.800000000004
1890,7163.999999999999
1891,7053.999999999998
1892,7388.800000000001
1893,5703.8
1894,7901.599999999999
1895,7929.199999999999
1896,6483.599999999999
1897,6604.400000000001
1898,6731.2
1899,7131.400000000002
1900,7503.200000000001
1901,6495.199999999999
1902,8079.400000000001
1903,8278.399999999998
1904,5940.199999999996
1905,6960.999999999999
1906,7305.600000000001
1907,6655.000000000001
1908,7258.800000000002
1909,6967.200000000001
1910,5512.600000000001
1911,8016.999999999998
1912,6553.2
1913,7398.999999999999
1914,6448.5999999999985
1915,5847.999999999998
1916,5075.999999999999
1917,8175.8
1918,7886.399999999999
1919,8682.8
1920,7085.199999999997
1921,6795.400000000001
1922,6958.400000000003
1923,7257.799999999999
1924,6719.199999999998
1925,7426.200000000002
1926,6794.600000000002
1927,7355.399999999999
1928,6836.000000000001
1929,4505.400000000001
1930,6969.600000000001
1931,6813.799999999998
1932,5528.800000000001
1933,7105.600000000002
1934,6134.5999999999985
1935,6753.2
1936,6393.199999999999
1937,7024.4000000000015
1938,5009.400000000001
1939,5754.5999999999985
1940,6299.4
1941,5871.600000000001
1942,4817.999999999998
1943,7695.000000000004
1944,7410.999999999997
1945,9096.599999999997
1946,8055.199999999999
1947,6497.200000000001
1948,6255.600000000002
1949,7803.000000000002
1950,7191.799999999998
1951,7776.999999999999
1952,7761.200000000001
1953,7557.600000000001
1954,8148.799999999999
1955,6611.2
1956,8096.8
1957,7905.400000000002
1958,7703.200000000001
1959,7683.000000000001
1960,8455.399999999998
1961,7371.8
1962,7151.600000000001
1963,7615.999999999999
1964,7947.799999999999
1965,6392.200000000003
1966,8539.0
1967,5989.8
1968,7195.8
1969,8787.800000000001
1970,7806.8
1971,7381.200000000003
1972,7948.599999999999
1973,8349.000000000002
1974,8884.200000000003
1975,6836.199999999995
1976,6975.999999999999
1977,8985.6
1978,8286.799999999997
1979,6852.799999999999
1980,7501.8
1981,7634.0
1982,7434.199999999999
1983,7185.599999999999
1984,6660.400000000002
1985,7602.8
1986,6592.799999999999
1987,7426.2
1988,8259.4
1989,7843.199999999999
1990,6690.000000000001
1991,8022.6
1992,7902.200000000003
1993,6342.0
1994,8474.8
1995,7617.200000000002
1996,7795.6
1997,7126.4000000000015
1998,7537.200000000001
1999,5991.0
2000,6807.8
2001,7063.400000000001
2002,6983.2000000000035
2003,7001.6
2004,6587.799999999999
2005,6794.999999999998
2006,7220.799999999999
2007,7073.2
2008,7194.200000000002
2009,6566.2
2010,7232.4
2011,6935.199999999998
2012,7354.200000000003
2013,7853.400000000001
2014,6286.5999999999985
2015,6005.400000000001
2016,6726.5999999999985
2017,7210.4000000000015
2018,7439.6
2019,8343.199999999999
2020,7812.399999999999
2021,8482.0
2022,8145.199999999999
2023,8326.6
2024,8147.200000000002
2025,7898.199999999999
2026,7748.799999999999
2027,8302.400000000001
2028,7519.199999999999
2029,6539.800000000001
2030,8593.2
2031,8537.800000000003
2032,7467.6
2033,6577.8
2034,8376.2
2035,7081.400000000002
2036,7598.999999999999
2037,9294.399999999998
2038,7849.200000000003
2039,7467.5999999999985
2040,8548.199999999997
2041,7863.5999999999985
2042,8548.999999999998
2043,7212.199999999996
2044,6138.799999999998
2045,8566.199999999999
2046,7697.599999999998
2047,6886.800000000001
2048,8260.8
2049,6614.199999999998
2050,7652.400000000002
2051,6778.600000000001
2052,8198.600000000002
2053,8503.600000000002
2054,7376.200000000001
2055,8053.6
2056,7428.2
2057,7523.200000000003
2058,7350.4000000000015
2059,8853.000000000004
2060,8463.999999999998
2061,6526.4
2062,7827.4
2063,8379.199999999999
2064,7886.399999999999
2065,6706.200000000001
2066,6759.0
2067,7221.399999999996
2068,7079.6
2069,7458.800000000001
2070,8017.600000000003
2071,7642.8
2072,7734.2
2073,8183.000000000001
2074,7762.0
2075,6767.399999999998
2076,7227.000000000004
2077,6754.0
2078,6529.0
2079,7774.6
2080,7690.200000000001
2081,7178.000000000001
2082,6176.200000000003
2083,8592.4
2084,7139.999999999999
2085,5894.8
2086,7150.200000000001
2087,7806.0
2088,7680.000000000001
2089,6449.199999999999
2090,7381.400000000001
2091,7295.799999999997
2092,7062.2
2093,6730.600000000001
2094,7853.400000000001
2095,7881.399999999998
2096,6748.999999999997
2097,7207.400000000002
2098,7110.400000000002
2099,7335.399999999998
2100,5648.400000000001
2101,7832.800000000003
2102,7570.4
2103,7473.000000000001
2104,5671.399999999999
2105,7582.999999999999
2106,7327.0
2107,6392.999999999999
2108,6155.200000000001
2109,7198.8
2110,6954.0
2111,6096.399999999999
2112,6968.400000000001
2113,7851.7999999999965
2114,6306.600000000001
2115,7350.600000000001
2116,8474.4
2117,6074.599999999999
2118,7061.800000000001
2119,8379.6
2120,6879.799999999999
2121,7698.399999999997
2122,8000.5999999999985
2123,6781.8
2124,7430.999999999999
2125,5932.200000000003
2126,6082.4000000000015
2127,6499.399999999999
2128,7179.600000000001
2129,8473.799999999997
2130,7341.799999999999
2131,8015.7999999999965
2132,6774.2
2133,7540.4
2134,6724.800000000001
2135,4755.400000000001
2136,7622.800000000001
2137,7600.200000000001
2138,6194.599999999999
2139,7988.999999999999
2140,8613.999999999998
2141,8355.999999999998
2142,5885.8
2143,8699.2
2144,7126.5999999999985
2145,7000.400000000001
2146,6359.800000000001
2147,6612.8
2148,6751.200000000001
2149,6990.4
2150,7215.399999999997
2151,8003.600000000003
2152,8113.400000000001
2153,7076.2
2154,8328.400000000001
2155,3755.600000000001
2156,8181.799999999999
2157,8289.8
2158,6364.399999999999
2159,7467.000000000002
2160,8190.4000000000015
2161,6117.399999999998
2162,5798.600000000002
2163,6935.4000000000015
2164,7384.000000000001
2165,7934.199999999997
2166,9457.999999999998
2167,7667.399999999999
2168,8056.0
2169,7329.799999999999
2170,8612.6
2171,6801.6
2172,7856.399999999999
2173,8695.400000000001
2174,9248.999999999998
2175,7376.199999999999
2176,7168.399999999999
2177,8569.600000000002
2178,7547.2
2179,6004.999999999998
2180,7226.800000000002
2181,8146.000000000004
2182,8402.4
2183,7393.400000000001
2184,8799.599999999999
2185,7253.199999999998
2186,7812.599999999997
2187,6484.5999999999985
2188,7349.799999999999
2189,8119.800000000001
2190,6363.799999999999
2191,7178.999999999999
2192,6811.4000000000015
2193,6685.400000000004
2194,7634.399999999999
2195,6411.000000000001
2196,8272.600000000002
2197,7904.999999999999
2198,7800.200000000002
2199,7943.2
2200,8004.200000000002
2201,7656.000000000002
2202,8533.2
2203,7821.600000000001
2204,8307.0
2205,8306.400000000003
2206,6745.800000000001
2207,7683.200000000004
2208,7302.400000000001
2209,7500.000000000002
2210,7975.799999999998
2211,7535.400000000002
2212,7746.5999999999985
2213,7457.0
2214,8049.200000000001
2215,7132.600000000003
2216,7680.600000000002
2217,7142.399999999998
2218,7959.999999999999
2219,7452.599999999998
2220,8359.8
2221,7790.400000000001
2222,7744.999999999998
2223,7004.799999999998
2224,7623.400000000002
2225,6889.2
2226,9237.599999999999
2227,6718.0
2228,7478.200000000002
2229,7277.200000000002
2230,7412.400000000001
2231,7751.200000000003
2232,7272.600000000001
2233,8062.799999999999
2234,8424.799999999997
2235,7535.800000000003
2236,7194.200000000001
2237,7603.999999999999
2238,9127.199999999999
2239,9130.6
2240,8155.400000000002
2241,7901.5999999999985
2242,8675.400000000001
2243,8018.599999999999
2244,8381.4
2245,8706.6
2246,7536.199999999997
2247,8844.799999999997
2248,7606.400000000002
2249,6854.4000000000015
2250,8665.2
2251,8670.800000000001
2252,7178.199999999998
2253,6849.6
2254,8898.0
2255,9368.6
2256,7359.400000000001
2257,7861.799999999998
2258,7598.200000000001
2259,7291.6
2260,8060.000000000002
2261,7174.999999999998
2262,8051.800000000002
2263,8687.600000000002
2264,9156.599999999999
2265,8068.399999999998
2266,7707.4000000000015
2267,8811.599999999999
2268,8617.8
2269,8324.999999999998
2270,8013.4
2271,7602.600000000001
2272,8805.799999999996
2273,7553.000000000002
2274,8046.2
2275,7613.400000000001
2276,9042.800000000003
2277,8994.2
2278,7744.6
2279,8195.599999999999
2280,8709.000000000002
2281,8601.000000000002
2282,8923.8
2283,6853.800000000003
2284,6996.799999999999
2285,8068.000000000001
2286,7934.200000000003
2287,6443.000000000002
2288,7243.200000000002
2289,7247.600000000001
2290,8083.200000000002
2291,8383.6
2292,6316.000000000002
2293,5374.599999999999
2294,8587.399999999998
2295,7729.600000000003
2296,8085.600000000002
2297,7302.200000000001
2298,7687.0
2299,8698.6
2300,8252.0
2301,7372.199999999998
2302,7621.2
2303,7710.600000000001
2304,7334.8
2305,8838.199999999999
2306,6612.2
2307,8676.600000000002
2308,9137.2
2309,7742.399999999998
2310,7715.400000000001
2311,8453.200000000004
2312,8615.2
2313,7819.5999999999985
2314,7162.599999999999
2315,6434.400000000001
2316,7023.5999999999985
2317,7091.799999999999
2318,8095.199999999997
2319,8480.799999999997
2320,8245.6
2321,7308.800000000001
2322,7287.4000000000015
2323,7612.800000000001
2324,7024.600000000001
2325,8023.199999999997
2326,7397.400000000002
2327,6894.999999999998
2328,6546.4000000000015
2329,7754.4
2330,8383.4
2331,7479.4
2332,7239.799999999997
2333,8109.8
2334,7095.0
2335,6626.2
2336,7632.799999999999
2337,8022.600000000003
2338,8496.800000000003
2339,7240.200000000001
2340,7570.8
2341,7698.600000000001
2342,8024.0
2343,8646.6
2344,8691.599999999999
2345,6930.599999999999
2346,6734.800000000002
2347,8605.6
2348,7577.400000000001
2349,7748.600000000002
2350,6786.0
2351,6316.599999999999
2352,7352.2
2353,7785.8
2354,6952.6
2355,8890.0
2356,6982.799999999999
2357,7364.599999999999
2358,6960.599999999998
2359,9126.200000000003
2360,6854.000000000002
2361,7702.4000000000015
2362,6960.199999999999
2363,7167.0
2364,8418.600000000002
2365,7521.000000000002
2366,8140.799999999999
2367,8512.4
2368,8341.6
2369,7122.400000000002
2370,6880.199999999999
2371,7702.799999999999
2372,7851.4
2373,7676.800000000001
2374,6720.799999999998
2375,7760.0
2376,7151.800000000001
2377,7056.600000000002
2378,7308.000000000002
2379,8740.799999999997
2380,7704.000000000004
2381,7962.199999999999
2382,8193.8
2383,6647.2
2384,7393.2
2385,8284.4
2386,8142.6
2387,7851.4
2388,7905.599999999997
2389,7127.400000000001
2390,7703.000000000001
2391,7044.399999999998
2392,7903.400000000001
2393,8210.599999999999
2394,8119.2
2395,8257.000000000002
2396,8143.199999999998
2397,6299.399999999999
2398,8027.199999999998
2399,7730.7999999999965
2400,8913.2
2401,7307.6
2402,6257.399999999999
2403,8301.599999999999
2404,8688.600000000002
2405,8561.999999999998
2406,8405.399999999998
2407,7744.599999999999
2408,8369.0
2409,7272.399999999999
2410,8240.4
2411,6900.0
2412,7825.199999999998
2413,7491.200000000001
2414,7567.400000000001
2415,6610.400000000001
2416,7273.200000000002
2417,9119.4
2418,7412.000000000003
2419,7135.199999999999
2420,8589.999999999998
2421,8481.399999999998
2422,8128.200000000003
2423,7185.200000000002
2424,7117.5999999999985
2425,5337.399999999999
2426,7295.800000000004
2427,6967.799999999998
2428,7563.999999999999
2429,6475.200000000001
2430,5985.999999999999
2431,7655.799999999999
2432,8527.2
2433,7534.799999999999
2434,7080.6
2435,8852.8
2436,8025.800000000002
2437,7072.800000000001
2438,7385.2
2439,6784.6
2440,6926.399999999999
2441,7556.999999999998
2442,6535.8
2443,6530.799999999999
2444,8222.800000000003
2445,7290.400000000001
2446,7563.200000000003
2447,7303.000000000001
2448,9604.0
2449,7099.200000000002
2450,7466.4000000000015
2451,6857.200000000003
2452,8527.600000000002
2453,7039.400000000001
2454,6557.399999999999
2455,8279.2
2456,7501.2
2457,7496.800000000001
2458,7747.999999999998
2459,8846.999999999998
2460,7124.400000000002
2461,7841.8
2462,7422.6
2463,7328.4000000000015
2464,7932.800000000002
2465,6588.399999999999
2466,5586.799999999998
2467,7200.199999999998
2468,7415.8
2469,5530.799999999996
2470,5812.399999999999
2471,7493.6
2472,7180.2
2473,6700.800000000001
2474,6528.999999999997
2475,5235.199999999999
2476,7381.599999999998
2477,6836.2
2478,6635.200000000002
2479,8302.6
2480,7936.200000000001
2481,8906.0
2482,7667.200000000002
2483,7012.800000000001
2484,7894.799999999999
2485,8042.600000000001
2486,7454.5999999999985
2487,7648.000000000001
2488,7453.4000000000015
2489,8655.599999999999
2490,7427.999999999999
2491,7768.199999999999
2492,6777.199999999999
2493,7635.799999999999
2494,6892.2
2495,8168.999999999996
2496,7450.399999999997
2497,8016.0
2498,8496.6
2499,7694.4
2500,7079.199999999997
2501,8233.800000000003
2502,7273.400000000001
2503,7535.999999999998
2504,7399.600000000002
2505,7759.8
2506,7983.199999999999
2507,7537.2
2508,7150.799999999997
2509,7999.0
2510,8186.000000000001
2511,6938.800000000002
2512,7913.000000000003
2513,8118.599999999999
2514,7320.399999999999
2515,8116.800000000001
2516,8033.8
2517,7743.200000000001
2518,6829.799999999998
2519,8451.6
2520,7897.399999999998
2521,7593.800000000001
2522,6974.999999999998
2523,8214.599999999999
2524,7898.399999999996
2525,7293.4000000000015
2526,6984.8
2527,8289.8
2528,6846.4000000000015
2529,7011.0
2530,6191.200000000003
2531,6853.600000000001
2532,5512.600000000001
2533,7662.4000000000015
2534,6573.4
2535,6389.400000000001
2536,7466.0
2537,5561.2
2538,6828.8
2539,7478.800000000002
2540,7933.600000000001
2541,7120.800000000001
2542,7643.5999999999985
2543,7801.000000000001
2544,8818.400000000001
2545,8830.800000000003
2546,7596.4000000000015
2547,7819.0
2548,8181.200000000002
2549,8842.000000000004
2550,7608.799999999999
2551,6899.599999999999
2552,7852.200000000001
2553,7585.399999999997
2554,7844.999999999998
2555,7890.199999999999
2556,8279.200000000003
2557,7616.999999999999
2558,8688.6
2559,8185.800000000001
2560,7726.600000000003
2561,7034.599999999999
2562,6228.000000000002
2563,7854.4000000000015
2564,8424.8
2565,8683.2
2566,8070.999999999999
2567,7034.2
2568,7504.799999999999
2569,7569.8
2570,7505.799999999999
2571,7966.5999999999985
2572,7804.400000000001
2573,6985.5999999999985
2574,7757.8
2575,8385.000000000002
2576,7190.199999999998
2577,8150.5999999999985
2578,6476.800000000002
2579,8320.800000000003
2580,8537.000000000002
2581,7913.800000000001
2582,7589.4
2583,7195.199999999997
2584,8481.800000000001
2585,6226.5999999999985
2586,8411.199999999999
2587,7604.799999999999
2588,9230.000000000002
2589,8094.6
2590,7850.0
2591,8080.599999999999
2592,7845.399999999997
2593,7703.200000000002
2594,7533.200000000002
2595,8201.6
2596,6823.4
2597,7238.400000000001
2598,8464.400000000001
2599,7880.200000000001
2600,6743.000000000001
2601,8192.400000000005
2602,8085.600000000001
2603,8270.4
2604,7215.4000000000015
2605,8837.199999999999
2606,8702.199999999999
2607,7746.200000000002
2608,7950.800000000001
2609,7385.800000000002
2610,7774.799999999998
2611,8619.6
2612,6935.800000000002
2613,7212.999999999999
2614,6964.6
2615,7577.799999999999
2616,7428.999999999999
2617,7327.000000000002
2618,7436.999999999999
2619,7002.4000000000015
2620,6676.200000000002
2621,7478.000000000001
2622,7350.600000000002
2623,7266.4
2624,6073.200000000002
2625,8535.8
2626,8073.199999999999
2627,6737.4000000000015
2628,8542.8
2629,8775.4
2630,5959.200000000001
2631,6983.2
2632,7549.8
2633,7197.600000000001
2634,7864.399999999999
2635,7787.800000000002
2636,8375.199999999999
2637,7092.6
2638,6810.399999999998
2639,7151.600000000001
2640,8284.4
2641,7400.399999999999
2642,8191.999999999997
2643,7519.8
2644,7699.6
2645,8397.4
2646,6737.600000000001
2647,7869.599999999999
2648,8227.6
2649,7134.6
2650,8422.4
2651,7273.200000000002
2652,8702.4
2653,7002.600000000005
2654,8900.4
2655,7019.800000000003
2656,8528.8
2657,8475.4
2658,7974.2
2659,8520.400000000001
2660,7949.600000000001
2661,6889.999999999999
2662,7352.600000000001
2663,6212.2
2664,8141.8
2665,6883.6
2666,7643.400000000001
2667,6879.799999999998
2668,6659.000000000005
2669,7773.400000000001
2670,8142.5999999999985
2671,8099.199999999998
2672,7556.6
2673,6970.399999999998
2674,8160.600000000001
2675,6255.8
2676,6090.000000000003
2677,7574.400000000001
2678,6188.000000000003
2679,8165.000000000001
2680,8334.800000000001
2681,8057.599999999997
2682,6262.199999999998
2683,7380.4
2684,6566.400000000001
2685,7471.000000000001
2686,7362.399999999999
2687,8018.800000000002
2688,7424.8
2689,6692.799999999998
2690,6336.2
2691,5891.400000000001
2692,7551.999999999999
2693,6715.000000000002
2694,5797.2
2695,6919.399999999998
2696,7449.399999999998
2697,7877.400000000001
2698,7760.2000000000035
2699,7095.600000000002
2700,7948.599999999999
2701,7280.400000000001
2702,9162.8
2703,8292.600000000002
2704,7520.000000000001
2705,6702.599999999999
2706,6765.0
2707,7983.000000000002
2708,7653.199999999999
2709,7128.0
2710,7649.0
2711,5297.399999999999
2712,6376.599999999999
2713,6270.599999999999
2714,8119.000000000001
2715,6637.999999999998
2716,6504.4000000000015
2717,2792.0000000000005
2718,7864.400000000001
2719,8010.399999999998
2720,7847.999999999998
2721,8107.999999999998
2722,7794.399999999998
2723,8492.6
2724,6232.599999999998
2725,7362.000000000001
2726,7627.6
2727,7902.4
2728,7924.199999999999
2729,7911.5999999999985
2730,8215.4
2731,8409.399999999998
2732,8388.000000000002
2733,8104.000000000002
2734,8291.599999999999
2735,7789.800000000002
2736,8066.200000000001
2737,8998.4
2738,7986.2
2739,7914.000000000001
2740,7939.400000000002
2741,7335.599999999999
2742,7585.199999999999
2743,7748.800000000002
2744,8061.599999999999
2745,8163.4
2746,7847.800000000001
2747,7668.199999999999
2748,6158.399999999999
2749,7291.8
2750,8098.6
2751,7277.599999999998
2752,7891.999999999999
2753,8886.6
2754,7839.199999999999
2755,8102.0
2756,8352.2
2757,7827.800000000001
2758,7870.199999999999
2759,7574.4000000000015
2760,6652.799999999997
2761,7654.4
2762,6694.4000000000015
2763,8030.199999999997
2764,7172.200000000002
2765,7414.800000000001
2766,7762.599999999997
2767,7896.399999999996
2768,7379.2
2769,8061.8
2770,6835.0
2771,6581.999999999999
2772,5320.599999999999
2773,6654.199999999999
2774,5923.000000000002
2775,6849.400000000003
2776,5520.599999999999
2777,8026.200000000004
2778,8222.6
2779,6606.600000000003
2780,7441.999999999998
2781,7275.400000000001
2782,8027.199999999999
2783,7356.999999999998
2784,7644.0
2785,8871.200000000003
2786,8445.199999999999
2787,7917.199999999998
2788,7867.799999999998
2789,8321.2
2790,7469.8
2791,7375.599999999999
2792,8041.200000000002
2793,7790.400000000001
2794,7675.399999999998
2795,7433.999999999996
2796,7719.200000000001
2797,7252.600000000001
2798,7421.800000000002
2799,8876.4
2800,7027.999999999998
2801,7277.199999999999
2802,7465.000000000001
2803,8462.199999999997
2804,7205.0
2805,7967.400000000002
2806,7908.000000000002
2807,7694.200000000002
2808,8223.6
2809,8066.399999999999
2810,8130.199999999998
2811,7976.599999999999
2812,7365.800000000001
2813,8053.800000000001
2814,9131.4
2815,7491.200000000002
2816,7351.600000000001
2817,8726.799999999997
2818,7832.400000000001
2819,8620.400000000001
2820,8212.600000000002
2821,8112.8
2822,8104.599999999999
2823,7741.4
2824,8635.000000000002
2825,7119.600000000001
2826,7662.600000000002
2827,7675.600000000001
2828,7748.0
2829,7672.800000000001
2830,7475.0
2831,7929.799999999997
2832,7549.999999999998
2833,7506.400000000001
2834,7735.600000000002
2835,8259.199999999999
2836,7525.800000000001
2837,8346.0
2838,8251.600000000002
2839,7459.999999999998
2840,8529.800000000003
2841,7918.600000000001
2842,6820.6
2843,6948.199999999999
2844,8552.599999999999
2845,8040.999999999998
2846,8612.599999999999
2847,7636.8
2848,7933.4
2849,8623.999999999998
2850,7052.7999999999965
2851,7381.000000000001
2852,7262.799999999999
2853,8920.400000000001
2854,8565.600000000002
2855,6916.599999999998
2856,7538.200000000001
2857,7484.200000000001
2858,9081.599999999997
2859,8293.0
2860,7820.400000000001
2861,8958.200000000004
2862,7200.200000000001
2863,8280.8
2864,7912.0
2865,7943.799999999999
2866,8261.800000000001
2867,7609.0
2868,7197.199999999998
2869,7970.000000000002
2870,8169.6
2871,7655.799999999997
2872,7728.5999999999985
2873,7863.799999999999
2874,7398.999999999997
2875,8826.8
2876,7835.8
2877,7810.999999999999
2878,9133.199999999995
2879,7510.599999999998
2880,8255.199999999999
2881,6833.800000000004
2882,8984.399999999998
2883,7404.4000000000015
2884,6975.599999999999
2885,7548.800000000001
2886,8591.199999999999
2887,8674.200000000003
2888,8626.599999999999
2889,7624.4
2890,8702.199999999999
2891,8171.8
2892,7958.799999999999
2893,7855.800000000002
2894,6992.799999999999
2895,8852.800000000001
2896,9396.199999999997
2897,7482.399999999996
2898,7462.399999999999
2899,8057.5999999999985
2900,8116.6
2901,8404.799999999997
2902,8532.600000000002
2903,7729.999999999999
2904,7935.799999999998
2905,8364.199999999999
2906,8428.400000000001
2907,6921.2
2908,7282.600000000001
2909,8152.000000000002
2910,7782.399999999999
2911,6874.4
2912,7179.999999999999
2913,8703.999999999998
2914,8358.599999999999
2915,6837.200000000001
2916,7985.000000000004
2917,6906.799999999999
2918,7931.200000000001
2919,6666.399999999999
2920,6642.599999999999
2921,9334.599999999999
2922,8374.6
2923,7821.4000000000015
2924,7626.000000000002
2925,9019.8
2926,7695.6
2927,8308.400000000001
2928,8072.6
2929,8177.4
2930,7898.200000000001
2931,7415.599999999999
2932,7500.6
2933,8246.000000000002
2934,9169.999999999998
2935,8904.4
2936,8144.799999999999
2937,9183.599999999999
2938,6653.400000000001
2939,8521.800000000001
2940,8482.199999999999
2941,8391.400000000001
2942,7226.600000000003
2943,7766.000000000001
2944,8856.400000000003
2945,7914.599999999999
2946,8498.800000000001
2947,8074.4000000000015
2948,7740.6
2949,7708.999999999999
2950,7921.399999999999
2951,8206.200000000003
2952,8306.6
2953,7225.400000000001
2954,7276.2
2955,8305.200000000003
2956,7449.200000000002
2957,7274.0
2958,7466.799999999999
2959,7997.599999999998
2960,7958.2
2961,8061.199999999999
2962,7937.0
2963,6357.200000000002
2964,8942.199999999999
2965,7663.5999999999985
2966,7720.400000000001
2967,7881.399999999999
2968,8923.6
2969,7546.800000000002
2970,8005.800000000001
2971,7614.399999999999
2972,8428.599999999997
2973,8082.599999999998
2974,7433.600000000001
2975,7824.8
2976,8671.0
2977,8092.200000000003
2978,7030.399999999998
2979,8602.199999999999
2980,6845.000000000001
2981,7880.800000000001
2982,8390.799999999996
2983,7848.8
2984,8354.599999999997
2985,7588.800000000002
2986,8931.199999999997
2987,8260.799999999997
2988,8064.2
2989,8315.8
2990,7386.999999999999
2991,6655.200000000002
2992,8481.399999999998
2993,7499.599999999999
2994,6545.000000000001
2995,6984.6
2996,7496.4
2997,6293.399999999999
2998,7424.999999999997
2999,7422.000000000001
3000,7588.5999999999985
